{
    "accuracy": 0.9871937639198218,
    "report": {
        "FAKE": {
            "precision": 0.9918402404981748,
            "recall": 0.983603066439523,
            "f1-score": 0.9877044798460387,
            "support": 4696.0
        },
        "REAL": {
            "precision": 0.9821882951653944,
            "recall": 0.9911297852474323,
            "f1-score": 0.9866387823864297,
            "support": 4284.0
        },
        "accuracy": 0.9871937639198218,
        "macro avg": {
            "precision": 0.9870142678317846,
            "recall": 0.9873664258434777,
            "f1-score": 0.9871716311162342,
            "support": 8980.0
        },
        "weighted avg": {
            "precision": 0.9872356821679261,
            "recall": 0.9871937639198218,
            "f1-score": 0.9871960780735481,
            "support": 8980.0
        }
    }
}